"127","calendar","31","1007"
"128","calendar","31","3002"
"129","calendar","31","2017"
"130","company","4","1001"
"131","company","4","1002"
"136","calendar","29","1004"
"137","calendar","29","3001"
"138","calendar","29","2016"
"148","calendar","36","1005"
"149","calendar","36","3001"
"150","calendar","37","1003"
"151","calendar","37","3003"
"152","calendar","37","2017"
"156","calendar","33","1003"
"157","calendar","33","3001"
"158","calendar","33","2017"
"159","calendar","38","1003"
"160","calendar","38","3003"
"161","calendar","38","2017"
"162","calendar","39","1005"
"163","calendar","39","3001"
"164","calendar","40","1005"
"165","calendar","40","3002"
"166","calendar","40","2017"
"167","calendar","41","1003"
"168","calendar","41","3002"
"169","calendar","41","2017"
"170","calendar","42","1005"
"171","calendar","42","3002"
"172","calendar","42","2017"
"173","calendar","43","1002"
"174","calendar","43","3002"
"175","calendar","43","2017"
"179","calendar","45","1003"
"180","calendar","45","3003"
"181","calendar","45","2017"
"182","calendar","46","1005"
"183","calendar","46","3001"
"187","calendar","48","1003"
"188","calendar","48","3003"
"189","calendar","48","2017"
"190","calendar","49","1003"
"191","calendar","49","3003"
"192","calendar","49","2017"
"199","calendar","52","1002"
"200","calendar","52","2017"
"209","calendar","57","1002"
"210","calendar","57","2017"
"211","calendar","58","1006"
"212","calendar","58","3001"
"213","calendar","58","2017"
"220","calendar","61","1003"
"221","calendar","61","3003"
"222","calendar","61","2017"
"226","calendar","63","1003"
"227","calendar","63","3003"
"228","calendar","63","2017"
"229","calendar","64","1003"
"230","calendar","64","3003"
"231","calendar","64","2017"
"232","calendar","65","1002"
"233","calendar","65","2017"
"234","calendar","66","1003"
"235","calendar","66","3003"
"236","calendar","66","2017"
"237","calendar","67","1003"
"238","calendar","67","3003"
"239","calendar","67","2017"
"240","calendar","68","1005"
"241","calendar","68","3001"
"242","calendar","68","2017"
"243","calendar","51","1003"
"244","calendar","51","3002"
"245","calendar","51","2017"
"252","calendar","70","1002"
"253","calendar","70","2017"
"263","calendar","71","1003"
"264","calendar","71","3003"
"265","calendar","71","2017"
"266","calendar","44","1002"
"267","calendar","44","3002"
"268","calendar","44","2017"
"269","calendar","69","3001"
"270","calendar","69","3004"
"271","calendar","69","2017"
"272","calendar","32","3004"
"273","calendar","32","2017"
"274","calendar","72","3001"
"275","calendar","72","3004"
"276","calendar","72","2017"
"277","calendar","73","1003"
"278","calendar","73","3003"
"279","calendar","73","2017"
"280","calendar","74","1002"
"281","calendar","74","3002"
"282","calendar","74","2017"
"283","calendar","75","1002"
"284","calendar","75","3001"
"285","calendar","75","2017"
"286","calendar","76","1003"
"287","calendar","76","3003"
"288","calendar","76","2017"
"292","calendar","78","1005"
"293","calendar","78","3002"
"294","calendar","78","2017"
"305","calendar","77","1003"
"306","calendar","77","3002"
"307","calendar","77","2017"
"308","calendar","79","1003"
"309","calendar","79","3001"
"310","calendar","79","2017"
